680331b7c4936fb5a92a32b1a2e6b41dd311fc49419e5689b70c61c6aaba542f	projects/SP-009-DOC-2-076/README.md	SP-009-DOC-2-076/README.md
16af9ab3d6a5a94d14f4475d44dc3922921b492d9b4b944db4abc0943575590f	projects/SP-009-DOC-2-076/code/r1_align_gate.py	SP-009-DOC-2-076/code/r1_align_gate.py
d7e364388c9680225fc5c32e92292bc249b17d86394dfb3ff2d6ee023dfc6e27	projects/SP-009-DOC-2-076/code/r1_fetch_homologs.py	SP-009-DOC-2-076/code/r1_fetch_homologs.py
04a9a14621bdbcfd8380a71924899c7408fadcb79ed54e146fd10a69c3deddb2	projects/SP-009-DOC-2-076/code/r1_global_null_diagnostic.py	SP-009-DOC-2-076/code/r1_global_null_diagnostic.py
8ef616b985465a09ade0eae1a51ca17744f0851022ec2622a64c060096002f0e	projects/SP-009-DOC-2-076/code/r1_mafft_submit.py	SP-009-DOC-2-076/code/r1_mafft_submit.py
47398642c56b49ae9806ecf66b0e9ef17e1788312031445513311d497fe36b4d	projects/SP-009-DOC-2-076/code/r1_models.py	SP-009-DOC-2-076/code/r1_models.py
2ee8fc28bdb8eb9dc359fde4ce6d9bbe5c38ee22cdfc9d42fb7a3c6901d7aeb8	projects/SP-009-DOC-2-076/code/r1_models2.py	SP-009-DOC-2-076/code/r1_models2.py
ffe8d58fa42e0a8bd80bd461c9675ac53ac37f48cea47c29d56ff8207062b1c9	projects/SP-009-DOC-2-076/environment_ledger.json	SP-009-DOC-2-076/environment_ledger.json
49292b006e75c1066d9df96fcc5ab9a45cfc54b714dbe3be75f4c24fbeb45918	projects/SP-009-DOC-2-076/protocol/protocol_r0.json	SP-009-DOC-2-076/protocol/protocol_r0.json
691e5cbf38f17479b70db77b897ad5e6cc2450a4a393a8814d87038896ead254	projects/SP-009-DOC-2-076/protocol/protocol_r0.lock.json	SP-009-DOC-2-076/protocol/protocol_r0.lock.json
427a2ddd0441b03124e5e99ab72364d47c7e18c45776a17dad1649f3662c0d73	projects/SP-009-DOC-2-076/protocol/protocol_r1.json	SP-009-DOC-2-076/protocol/protocol_r1.json
b54f4c5fe57b356b2580bd00fe5beff92ee230094404c6c955e22fbdfff43b60	projects/SP-009-DOC-2-076/protocol/protocol_r1.lock.json	SP-009-DOC-2-076/protocol/protocol_r1.lock.json
6b1a00b88f96743979d23ffc93ab6afd6e9d76cfc7534dc23517c372d07edd5f	projects/SP-009-DOC-2-076/report/r0_report.md	SP-009-DOC-2-076/report/r0_report.md
8e225c8a19db57c0c02cb3736a897808a8ce3c785e3444b3b50542eedca2126b	projects/SP-009-DOC-2-076/report/r1_report.md	SP-009-DOC-2-076/report/r1_report.md
73a813ed34fa7fc5b171c143bf96a7a6156ff3bf0862bc3ca8a8afa02f36e7da	projects/SP-009-DOC-2-076/results/align_AMIE_features.npy	SP-009-DOC-2-076/results/align_AMIE_features.npy
9735c6068061c218d27309a140446ce6da036375d2075c11f5f2043b7d3135e6	projects/SP-009-DOC-2-076/results/align_AMIE_poscov.npy	SP-009-DOC-2-076/results/align_AMIE_poscov.npy
8f6c93b0ca829a06082367a86e7383c8c7c6cdbbb94d10e70c5d6b135d57f77b	projects/SP-009-DOC-2-076/results/align_AMIE_weights.npy	SP-009-DOC-2-076/results/align_AMIE_weights.npy
eca85797e21d54452f74afa15dd6d06456d14d5b2f65a24fcf82c370faeaec46	projects/SP-009-DOC-2-076/results/align_BLAT_features.npy	SP-009-DOC-2-076/results/align_BLAT_features.npy
1ca70ff21bdee4c799893e8a48274a8f696dbc2675728b24eec4348920190743	projects/SP-009-DOC-2-076/results/align_BLAT_poscov.npy	SP-009-DOC-2-076/results/align_BLAT_poscov.npy
681e53c8347447dd83da350b91df607e66e358e137459b7e3b35887efae23191	projects/SP-009-DOC-2-076/results/align_BLAT_weights.npy	SP-009-DOC-2-076/results/align_BLAT_weights.npy
1252050f88e2f6b541e9f282482c064eb57a47ccdf829ef69bf026f22811811c	projects/SP-009-DOC-2-076/results/align_CBS_features.npy	SP-009-DOC-2-076/results/align_CBS_features.npy
0e0cf69e2889e11443c034a107a9621894cf675d6ad862ad3c668dac38faac44	projects/SP-009-DOC-2-076/results/align_CBS_poscov.npy	SP-009-DOC-2-076/results/align_CBS_poscov.npy
7adb3b7daa8557a1d133f0d423e40e4ea20184be3d4a3ab9c0379973b6f0e7af	projects/SP-009-DOC-2-076/results/align_CBS_weights.npy	SP-009-DOC-2-076/results/align_CBS_weights.npy
0962ab2f7387a65a6b922f64141502c94748a6bb66311078ca2b041ed582ed8e	projects/SP-009-DOC-2-076/results/align_HXK4_features.npy	SP-009-DOC-2-076/results/align_HXK4_features.npy
f0b5835f0a73bbc89da96acebd65db0857e2b28f821c842ab722d6ff073cf2ea	projects/SP-009-DOC-2-076/results/align_HXK4_poscov.npy	SP-009-DOC-2-076/results/align_HXK4_poscov.npy
30e66365e32bdce12bc97474593467a4f50c67592d11482589f390c75d28e311	projects/SP-009-DOC-2-076/results/align_HXK4_weights.npy	SP-009-DOC-2-076/results/align_HXK4_weights.npy
109b1a5da7c335f2859fa1adc51ef5782d698ed8880ba64d6a9951e74fc6001d	projects/SP-009-DOC-2-076/results/align_OXDA_features.npy	SP-009-DOC-2-076/results/align_OXDA_features.npy
05b05aab3baf37600003b89e2dc7b3077054e256a2c7568d5f05a84ff29e8f6d	projects/SP-009-DOC-2-076/results/align_OXDA_poscov.npy	SP-009-DOC-2-076/results/align_OXDA_poscov.npy
453cf385e5fb4f43f7e9aeb8ec156da084d444d0a0fe61d6cd492aba57ef07db	projects/SP-009-DOC-2-076/results/align_OXDA_weights.npy	SP-009-DOC-2-076/results/align_OXDA_weights.npy
e19982c976dddf5350fb8abb40e828457cda6eec39a8be780d43f96e68b689f7	projects/SP-009-DOC-2-076/results/align_PPM1D_features.npy	SP-009-DOC-2-076/results/align_PPM1D_features.npy
29c16eec0e1079c6828ab8cced4f5d7da234dff80eef8f96a3c56b7d7cad2f8b	projects/SP-009-DOC-2-076/results/align_PPM1D_poscov.npy	SP-009-DOC-2-076/results/align_PPM1D_poscov.npy
deea4276d1e521cc8f8c0210379fbad3b3c3457b6ac1e50907402ceb502aa74e	projects/SP-009-DOC-2-076/results/align_PPM1D_weights.npy	SP-009-DOC-2-076/results/align_PPM1D_weights.npy
b9dcea593e4e5beaf51537cf64853f6752ea66a0d35e64fb3e8baa612c4abe89	projects/SP-009-DOC-2-076/results/coordinate_mapping_proof.json	SP-009-DOC-2-076/results/coordinate_mapping_proof.json
01e94bf1839dc8abe764ac30aa45ad53891b5b1ad19bc5970e562e203d0d624e	projects/SP-009-DOC-2-076/results/cross_family_identity_screen.json	SP-009-DOC-2-076/results/cross_family_identity_screen.json
70eeb02bef0ca7832960431abf16452b9839664e25b5f9f969f5f462f24ef2ae	projects/SP-009-DOC-2-076/results/family_variant_counts.json	SP-009-DOC-2-076/results/family_variant_counts.json
023b4f6ca697cbfaef3b763b60dcf6fbafac7df2a718269e7d61a9f1ffccd93b	projects/SP-009-DOC-2-076/results/gate_evaluation_r0.json	SP-009-DOC-2-076/results/gate_evaluation_r0.json
837b2abb73fa6ac15ff14b44dd22711c872ee40838742bc1a0ff739b6e542937	projects/SP-009-DOC-2-076/results/gate_evaluation_r1.json	SP-009-DOC-2-076/results/gate_evaluation_r1.json
36a2aa03ebc8f0e14c89416075ed9f1a815279b33a4ee63f7c8e4fa9108283a1	projects/SP-009-DOC-2-076/results/r1_alignment_gate.json	SP-009-DOC-2-076/results/r1_alignment_gate.json
2ac9ab16b075091873953d1497b34fee0dd42b9756860f3fbe4da2f401e4b4f5	projects/SP-009-DOC-2-076/results/r1_clustalo_jobs.json	SP-009-DOC-2-076/results/r1_clustalo_jobs.json
bfc274bcabe754935b1478bfc493f356ea2c93fc40976b465d2b841cf746afeb	projects/SP-009-DOC-2-076/results/r1_global_null_diagnostic.json	SP-009-DOC-2-076/results/r1_global_null_diagnostic.json
18b2aa4071ecfd8e02ae4bda2a2203322ba60b2254e622ae6f2fada8a8c03a1e	projects/SP-009-DOC-2-076/results/r1_homolog_fetch_manifest.json	SP-009-DOC-2-076/results/r1_homolog_fetch_manifest.json
8972391774bd696b9565c2cb8bbe5bd7231e36825d194b05d19458d0a715e4ba	projects/SP-009-DOC-2-076/results/r1_mafft_jobs.json	SP-009-DOC-2-076/results/r1_mafft_jobs.json
04503dc179112d6afd51ee9c3a7ad2cca5a08ba4033f80b096881bcffb4f7bdd	projects/SP-009-DOC-2-076/results/r1_model_results.json	SP-009-DOC-2-076/results/r1_model_results.json
4d6a2c8a0e593cec6892ce4aec429b622facd205758386f836bd4045f8962af7	projects/SP-009-DOC-2-076/results/r1_shuffled_null_investigation.md	SP-009-DOC-2-076/results/r1_shuffled_null_investigation.md
2ebffa75c579e55b69af6c005b690a10e1f84a23b7ef06d422a804253b4d00d3	projects/SP-009-DOC-2-076/results/r1_source_gate_frozen.json	SP-009-DOC-2-076/results/r1_source_gate_frozen.json
ee7e98bf6cf91f7a554ee70b0b7ee12b022aa07f8f63124c60ae7edfa5e00f4d	projects/SP-009-DOC-2-076/results/target_seqs.json	SP-009-DOC-2-076/results/target_seqs.json
